Dealer,Group,Label
ABN AMRO Bank NV,ABN AMRO,ABN
BNP Paribas,BNP Paribas,BNP
BNP Paribas SA,BNP Paribas,BNP
BNP Paribas Securities (Japan) LTD,BNP Paribas,BNP
Barclays,Barclays,Barclays
Barclays Bank PLC,Barclays,Barclays
Barclays Capital Inc,Barclays,Barclays
Barclays Capital Japan LTD,Barclays,Barclays
Barclays Capital Japan LTD (A),Barclays,Barclays
Bear Stearns & Co Inc,Bear Stearns,Bear Stearns
Bear Stearns Credit Products Inc,Bear Stearns,Bear Stearns
BofA,Bank of America,BofA
BofA / Merrill Lynch,Bank of America,BofA
BofA NA,Bank of America,BofA
BofA Securities Inc,Bank of America,BofA
BofA Securities LLC,Bank of America,BofA
Citibank,Citigroup,Citigroup
Citibank Global Markets Inc,Citigroup,Citigroup
Citibank NA,Citigroup,Citigroup
Citigroup,Citigroup,Citigroup
Citigroup Financial Products Inc,Citigroup,Citigroup
Citigroup Global Markets Inc,Citigroup,Citigroup
Citigroup Global Markets Japan Inc,Citigroup,Citigroup
Citigroup Global Markets LTD,Citigroup,Citigroup
Citigroup Global Markets LTD PLC,Citigroup,Citigroup
Credit Suisse,Credit Suisse,Credit Suisse
Credit Suisse AG,Credit Suisse,Credit Suisse
Credit Suisse First Boston LLC,Credit Suisse,Credit Suisse
Credit Suisse International,Credit Suisse,Credit Suisse
Credit Suisse Securities (Japan) LTD,Credit Suisse,Credit Suisse
Credit Suisse Securities (USA) LLC,Credit Suisse,Credit Suisse
Deutsche Bank,Deutsche Bank,Deutsche Bank
Deutsche Bank AG,Deutsche Bank,Deutsche Bank
Deutsche Bank AG London,Deutsche Bank,Deutsche Bank
Deutsche Bank Securities Inc,Deutsche Bank,Deutsche Bank
Deutsche Securities Inc,Deutsche Bank,Deutsche Bank
Dresdner Bank AG,Dresdner Bank,Dresdner Bank
Goldman Sachs,Goldman Sachs,Goldman Sachs
Goldman Sachs & Co,Goldman Sachs,Goldman Sachs
Goldman Sachs & Co LLC,Goldman Sachs,Goldman Sachs
Goldman Sachs Credit Partners LP,Goldman Sachs,Goldman Sachs
Goldman Sachs International,Goldman Sachs,Goldman Sachs
Goldman Sachs Lending Partners LP,Goldman Sachs,Goldman Sachs
Goldman Sachs Loan Partners,Goldman Sachs,Goldman Sachs
HSBC,HSBC,HSBC
HSBC Bank,HSBC,HSBC
HSBC Bank PLC,HSBC,HSBC
HSBC Bank USA,HSBC,HSBC
HSBC Bank USA NA,HSBC,HSBC
HSBC LTD,HSBC,HSBC
HSBC USA NA,HSBC,HSBC
ING Bank NV,ING Bank,ING
JPM Chase,JPMorgan,JPM
JPM Chase Bank NA,JPMorgan,JPM
JPM Securities Inc,JPMorgan,JPM
JPM Securities Japan Co LTD,JPMorgan,JPM
JPM Securities LLC,JPMorgan,JPM
JPM Securities PLC,JPMorgan,JPM
Lehman Brothers Inc,Lehman Brothers,Lehman Brothers
Merrill Lynch,Merrill Lynch,Merrill Lynch
Merrill Lynch Capital Services Inc,Merrill Lynch,Merrill Lynch
Merrill Lynch Credit Products LLC,Merrill Lynch,Merrill Lynch
Merrill Lynch Government Securities Inc,Merrill Lynch,Merrill Lynch
Merrill Lynch International,Merrill Lynch,Merrill Lynch
Merrill Lynch Japan Securities Co LTD,Merrill Lynch,Merrill Lynch
Merrill Lynch Pierce Fenner & Smith,Merrill Lynch,Merrill Lynch
Merrill Lynch Pierce Fenner & Smith Inc,Merrill Lynch,Merrill Lynch
Mitsubishi UFJ Securities Co LTD,Mitsubishi UFJ,Mitsubishi UFJ
Mizuho Securities Co LTD,Mizuho,Mizuho
Morgan Stanley,Morgan Stanley,Morgan Stanley
Morgan Stanley & Co Inc,Morgan Stanley,Morgan Stanley
Morgan Stanley & Co International,Morgan Stanley,Morgan Stanley
Morgan Stanley & Co International PLC,Morgan Stanley,Morgan Stanley
Morgan Stanley & Co LLC,Morgan Stanley,Morgan Stanley
Morgan Stanley Emerging Markets Inc,Morgan Stanley,Morgan Stanley
Morgan Stanley Japan Securities Co LTD,Morgan Stanley,Morgan Stanley
Morgan Stanley MUFG Securities Co LTD,Morgan Stanley,Morgan Stanley
Morgan Stanley Senior Funding Inc,Morgan Stanley,Morgan Stanley
Nomura,Nomura,Nomura
Nomura International PLC,Nomura,Nomura
Nomura Securities Co LTD,Nomura,Nomura
RBC Capital Markets LLC,RBC Capital Markets,RBC
Royal Bank of Scotland,Royal Bank of Scotland,RBS
Royal Bank of Scotland PLC,Royal Bank of Scotland,RBS
Societe Generale,Societe Generale,Societe Generale
Societe Generale SA,Societe Generale,Societe Generale
Standard Chartered Bank,Standard Chartered Bank,Standard Chartered
UBS,UBS,UBS
UBS AG,UBS,UBS
UBS LTD,UBS,UBS
UBS Securities Japan LTD,UBS,UBS
UBS Securities LLC,UBS,UBS
